{
  "ticker": "DE",
  "timestamp": "20260208_152805",
  "total_strategies": 8784,
  "top_strategies_saved": 10,
  "strategies": [
    {
      "name": "momentum_lb20_z0.5_e20d \u00d7 trailing_stop_5%",
      "entry": "momentum_lb20_z0.5_e20d",
      "exit": "trailing_stop_5%",
      "entry_params": {
        "entry_type": "momentum",
        "lookback_days": 20,
        "zscore_threshold": 0.5,
        "zscore_window": 60,
        "entry_days_before": 20
      },
      "exit_params": {
        "exit_type": "trailing_stop_5%"
      },
      "sharpe": 1.8944412774898685,
      "total_return": 0.15293280468423864,
      "annualized_return": 0.3888637680233551,
      "max_drawdown": -0.22450693438552558,
      "n_trades": 107,
      "win_rate": 0.42990654205607476,
      "signal_accuracy": 0.46511627906976744,
      "direction_accuracy": 0.4418604651162791,
      "skill_ratio": 0.4418604651162791,
      "hhi": 0.017273350024232508,
      "top1_pct": 0.08687577086581398,
      "top3_pct": 0.24786864161203923,
      "return_ex_top1": -0.09802379959209284,
      "return_ex_top3": -0.4298705470573022,
      "profit_factor": 1.1546983550050514,
      "expectancy": 0.004009943472561513,
      "tail_ratio": 2.149379621343657,
      "max_single_contribution": 0.27822974061049477
    },
    {
      "name": "momentum_lb40_z0.5_e30d \u00d7 trailing_stop_5%",
      "entry": "momentum_lb40_z0.5_e30d",
      "exit": "trailing_stop_5%",
      "entry_params": {
        "entry_type": "momentum",
        "lookback_days": 40,
        "zscore_threshold": 0.5,
        "zscore_window": 60,
        "entry_days_before": 30
      },
      "exit_params": {
        "exit_type": "trailing_stop_5%"
      },
      "sharpe": 1.7550963229137255,
      "total_return": -0.11705031422916001,
      "annualized_return": 0.38311655973759073,
      "max_drawdown": -0.21816840949932062,
      "n_trades": 127,
      "win_rate": 0.4015748031496063,
      "signal_accuracy": 0.5462962962962963,
      "direction_accuracy": 0.39814814814814814,
      "skill_ratio": 0.39814814814814814,
      "hhi": 0.018318770680756,
      "top1_pct": 0.14218475508424824,
      "top3_pct": 0.31654170439929646,
      "return_ex_top1": -0.41297712844685086,
      "return_ex_top3": -0.6571190556581996,
      "profit_factor": 1.0770425941291066,
      "expectancy": 0.0019969654904390816,
      "tail_ratio": 2.2026120674463687,
      "max_single_contribution": 0.5041146240771266
    },
    {
      "name": "momentum_lb20_z0.5_e25d \u00d7 trailing_stop_5%",
      "entry": "momentum_lb20_z0.5_e25d",
      "exit": "trailing_stop_5%",
      "entry_params": {
        "entry_type": "momentum",
        "lookback_days": 20,
        "zscore_threshold": 0.5,
        "zscore_window": 60,
        "entry_days_before": 25
      },
      "exit_params": {
        "exit_type": "trailing_stop_5%"
      },
      "sharpe": 1.7313961264716569,
      "total_return": 0.7488008285712751,
      "annualized_return": 0.31569017594981874,
      "max_drawdown": -0.16003703983810919,
      "n_trades": 95,
      "win_rate": 0.4842105263157895,
      "signal_accuracy": 0.4868421052631579,
      "direction_accuracy": 0.5131578947368421,
      "skill_ratio": 0.5131578947368421,
      "hhi": 0.025737536863477323,
      "top1_pct": 0.18737750230242814,
      "top3_pct": 0.32635155351516887,
      "return_ex_top1": 0.13319640334070582,
      "return_ex_top3": -0.21496560890944583,
      "profit_factor": 1.402225827058193,
      "expectancy": 0.008754019025071228,
      "tail_ratio": 2.3970906811715835,
      "max_single_contribution": 0.5432460105024548
    },
    {
      "name": "momentum_lb40_z1.0_e3d \u00d7 trailing_stop_5%",
      "entry": "momentum_lb40_z1.0_e3d",
      "exit": "trailing_stop_5%",
      "entry_params": {
        "entry_type": "momentum",
        "lookback_days": 40,
        "zscore_threshold": 1.0,
        "zscore_window": 60,
        "entry_days_before": 3
      },
      "exit_params": {
        "exit_type": "trailing_stop_5%"
      },
      "sharpe": 1.6871452986406144,
      "total_return": 0.22517657530680135,
      "annualized_return": 0.3401996223828898,
      "max_drawdown": -0.21009476288668222,
      "n_trades": 99,
      "win_rate": 0.45454545454545453,
      "signal_accuracy": 0.5172413793103449,
      "direction_accuracy": 0.4482758620689655,
      "skill_ratio": 0.4482758620689655,
      "hhi": 0.02068833048117662,
      "top1_pct": 0.1456985403597729,
      "top3_pct": 0.3096541436796623,
      "return_ex_top1": -0.15979321217706555,
      "return_ex_top3": -0.46891432824547086,
      "profit_factor": 1.1945805394700797,
      "expectancy": 0.005174090654104572,
      "tail_ratio": 2.2996151315916014,
      "max_single_contribution": 0.4581845720163302
    },
    {
      "name": "corr_aware_leading_ma_e30d \u00d7 trailing_stop_5%",
      "entry": "corr_aware_leading_ma_e30d",
      "exit": "trailing_stop_5%",
      "entry_params": {
        "entry_type": "correlation_aware",
        "signal_col": "visible_revenue_resid",
        "corr_col": "leading_ma",
        "min_signal_abs": 0.0,
        "skip_regime_shifts": false,
        "scale_by_confidence": false,
        "confidence_col": "contemp",
        "entry_days_before": 30,
        "use_prior_quarter_corr": true
      },
      "exit_params": {
        "exit_type": "trailing_stop_5%"
      },
      "sharpe": 1.644200130341826,
      "total_return": 1.9499236754902394,
      "annualized_return": 0.37917322197804304,
      "max_drawdown": -0.29876852822150474,
      "n_trades": 113,
      "win_rate": 0.5132743362831859,
      "signal_accuracy": 0.5242718446601942,
      "direction_accuracy": 0.4854368932038835,
      "skill_ratio": 0.4854368932038835,
      "hhi": 0.016520831224255104,
      "top1_pct": 0.07772316507155216,
      "top3_pct": 0.20574021538714563,
      "return_ex_top1": 1.2688618709223682,
      "return_ex_top3": 0.45872245817809487,
      "profit_factor": 1.564147183780914,
      "expectancy": 0.012327197504347454,
      "tail_ratio": 1.9052333050280705,
      "max_single_contribution": 0.30017772932602327
    },
    {
      "name": "corr_aware_leading_ma_noshift_e30d \u00d7 sl-10%_tp20%",
      "entry": "corr_aware_leading_ma_noshift_e30d",
      "exit": "sl-10%_tp20%",
      "entry_params": {
        "entry_type": "correlation_aware",
        "signal_col": "visible_revenue_resid",
        "corr_col": "leading_ma",
        "min_signal_abs": 0.0,
        "skip_regime_shifts": true,
        "scale_by_confidence": false,
        "confidence_col": "contemp",
        "entry_days_before": 30,
        "use_prior_quarter_corr": true
      },
      "exit_params": {
        "exit_type": "sl-10%_tp20%"
      },
      "sharpe": 0.6046793356594798,
      "total_return": 4.050204272923888,
      "annualized_return": 0.1376212057092332,
      "max_drawdown": -0.30640424786376885,
      "n_trades": 42,
      "win_rate": 0.6190476190476191,
      "signal_accuracy": 0.5714285714285714,
      "direction_accuracy": 0.6,
      "skill_ratio": 0.6,
      "hhi": 0.03215717518927878,
      "top1_pct": 0.07310541150500655,
      "top3_pct": 0.20385909707697344,
      "return_ex_top1": 3.0121533604735706,
      "return_ex_top3": 1.6462865371414086,
      "profit_factor": 2.311195430239577,
      "expectancy": 0.04780497217692272,
      "tail_ratio": 1.4366055788807557,
      "max_single_contribution": 0.25872662861715556
    },
    {
      "name": "corr_aware_leading_ma_noshift_e30d \u00d7 fixed_holding_30d",
      "entry": "corr_aware_leading_ma_noshift_e30d",
      "exit": "fixed_holding_30d",
      "entry_params": {
        "entry_type": "correlation_aware",
        "signal_col": "visible_revenue_resid",
        "corr_col": "leading_ma",
        "min_signal_abs": 0.0,
        "skip_regime_shifts": true,
        "scale_by_confidence": false,
        "confidence_col": "contemp",
        "entry_days_before": 30,
        "use_prior_quarter_corr": true
      },