{
  "name": "corr_aware_leading_ma_noshift_e0d \u00d7 trailing_stop_5%",
  "entry": "corr_aware_leading_ma_noshift_e0d",
  "exit": "trailing_stop_5%",
  "entry_params": {
    "entry_type": "correlation_aware",
    "signal_col": "total_universe_resid",
    "corr_col": "leading_ma",
    "min_signal_abs": 0.0,
    "skip_regime_shifts": true,
    "scale_by_confidence": false,
    "confidence_col": "contemp",
    "entry_days_before": 0,
    "use_prior_quarter_corr": true
  },
  "exit_params": {
    "exit_type": "trailing_stop_5%"
  },
  "sharpe": 0.5486508138433646,
  "total_return": 7.3576496523803225,
  "annualized_return": 0.1762119406517526,
  "max_drawdown": -0.31657978421132915,
  "n_trades": 240,
  "win_rate": 0.5375,
  "signal_accuracy": 0.5503355704697986,
  "direction_accuracy": 0.5167785234899329,
  "skill_ratio": 0.5167785234899329,
  "hhi": 0.009454954579626685,
  "top1_pct": 0.06489477002489806,
  "top3_pct": 0.16390004290190122,
  "return_ex_top1": 5.137821335954837,
  "return_ex_top3": 2.7826005666546285,
  "profit_factor": 1.7841735276883322,
  "expectancy": 0.010206087584079235,
  "tail_ratio": 2.067651894213958,
  "max_single_contribution": 0.36166388607988864,
  "buy_hold_total_return": -0.3147353192134926,
  "buy_hold_annualized_return": -0.08272635517075033
}