{
  "name": "corr_aware_contemp_e20d \u00d7 fixed_holding_30d",
  "entry": "corr_aware_contemp_e20d",
  "exit": "fixed_holding_30d",
  "entry_params": {
    "entry_type": "correlation_aware",
    "signal_col": "total_universe_resid",
    "corr_col": "contemp",
    "min_signal_abs": 0.0,
    "min_confidence": 0.0,
    "skip_regime_shifts": false,
    "scale_by_confidence": false,
    "confidence_col": "contemp",
    "entry_days_before": 20,
    "use_prior_quarter_corr": true,
    "target_next_quarter": false,
    "date_col": "earnings_date"
  },
  "exit_params": {
    "exit_type": "fixed_holding_30d"
  },
  "sharpe": 0.792885969081006,
  "total_return": 4.049687625124517,
  "annualized_return": 0.38306395051044295,
  "max_drawdown": -0.3309022838592023,
  "n_trades": 23,
  "win_rate": 0.7391304347826086,
  "signal_accuracy": 1.0,
  "direction_accuracy": 0.7391304347826086,
  "skill_ratio": 0.75,
  "hhi": 0.07623486480549196,
  "top1_pct": 0.19983251923236248,
  "top3_pct": 0.44228989495246507,
  "return_ex_top1": 2.311152424263246,
  "return_ex_top3": 0.9047584365384729,
  "profit_factor": 4.00057487213403,
  "expectancy": 0.08568254956668028,
  "tail_ratio": 2.260606459740321,
  "max_single_contribution": 0.5250544155327155
}