{
  "name": "corr_aware_leading_ma_noshift_sameq_e20d \u00d7 fixed_holding_60d",
  "entry": "corr_aware_leading_ma_noshift_sameq_e20d",
  "exit": "fixed_holding_60d",
  "entry_params": {
    "entry_type": "correlation_aware",
    "signal_col": "total_universe_resid",
    "corr_col": "leading_ma",
    "min_signal_abs": 0.0,
    "skip_regime_shifts": true,
    "scale_by_confidence": false,
    "confidence_col": "leading",
    "entry_days_before": 20,
    "use_prior_quarter_corr": false
  },
  "exit_params": {
    "exit_type": "fixed_holding_60d"
  },
  "sharpe": 0.891804769927005,
  "total_return": 4.965516281053123,
  "annualized_return": 0.4349425131954945,
  "max_drawdown": -0.39649673216083114,
  "n_trades": 12,
  "win_rate": 0.75,
  "signal_accuracy": 1.0,
  "direction_accuracy": 0.75,
  "skill_ratio": 0.875,
  "hhi": 0.12501361632948735,
  "top1_pct": 0.2782314900736828,
  "top3_pct": 0.5643047174356528,
  "return_ex_top1": 2.409046391151179,
  "return_ex_top3": 0.7772025911586122,
  "profit_factor": 6.262650302508006,
  "expectancy": 0.1887411485849409,
  "tail_ratio": 2.7884772985405646,
  "max_single_contribution": 0.7499076271117175,
  "buy_hold_total_return": -0.3147353192134926,
  "buy_hold_annualized_return": -0.08272635517075033
}