{
  "ticker": "DE",
  "timestamp": "20260209_113212",
  "total_strategies": 7600,
  "top_strategies_saved": 10,
  "strategies": [
    {
      "name": "momentum_lb40_z0.5_e10d \u00d7 trailing_stop_5%",
      "entry": "momentum_lb40_z0.5_e10d",
      "exit": "trailing_stop_5%",
      "entry_params": {
        "entry_type": "momentum",
        "lookback_days": 40,
        "zscore_threshold": 0.5,
        "zscore_window": 60,
        "entry_days_before": 10
      },
      "exit_params": {
        "exit_type": "trailing_stop_5%"
      },
      "sharpe": 1.8894670364795074,
      "total_return": 1.226810571963132,
      "annualized_return": 0.3325594899775659,
      "max_drawdown": -0.18112094416383243,
      "n_trades": 176,
      "win_rate": 0.44886363636363635,
      "signal_accuracy": 0.3515625,
      "direction_accuracy": 0.44886363636363635,
      "skill_ratio": 0.44594594594594594,
      "hhi": 0.01141737200658854,
      "top1_pct": 0.08892737260335024,
      "top3_pct": 0.17990434067010752,
      "return_ex_top1": 0.6190835825714249,
      "return_ex_top3": 0.13950881335332288,
      "profit_factor": 1.3467181232911585,
      "expectancy": 0.006174346023149497,
      "tail_ratio": 1.9944744124106948,
      "max_single_contribution": 0.37535244994981376,
      "buy_hold_total_return": 7.012989470640454,
      "buy_hold_annualized_return": 0.20671249431030136
    },
    {
      "name": "momentum_lb20_z0.5_e20d \u00d7 trailing_stop_5%",
      "entry": "momentum_lb20_z0.5_e20d",
      "exit": "trailing_stop_5%",
      "entry_params": {
        "entry_type": "momentum",
        "lookback_days": 20,
        "zscore_threshold": 0.5,
        "zscore_window": 60,
        "entry_days_before": 20
      },
      "exit_params": {
        "exit_type": "trailing_stop_5%"
      },
      "sharpe": 1.77031920516678,
      "total_return": 1.0496438385231088,
      "annualized_return": 0.318101906362354,
      "max_drawdown": -0.17273010092716337,
      "n_trades": 200,
      "win_rate": 0.47,
      "signal_accuracy": 0.35135135135135137,
      "direction_accuracy": 0.47,
      "skill_ratio": 0.4723926380368098,
      "hhi": 0.009692023173964028,
      "top1_pct": 0.04653028004137702,
      "top3_pct": 0.13526942495648142,
      "return_ex_top1": 0.7006019276430753,
      "return_ex_top3": 0.1894535890896658,
      "profit_factor": 1.293809972532054,
      "expectancy": 0.005008472422888245,
      "tail_ratio": 1.6214382189518601,
      "max_single_contribution": 0.20524609857627496,
      "buy_hold_total_return": 7.012989470640454,
      "buy_hold_annualized_return": 0.20671249431030136
    },
    {
      "name": "momentum_lb20_z0.5_e10d \u00d7 trailing_stop_5%",
      "entry": "momentum_lb20_z0.5_e10d",
      "exit": "trailing_stop_5%",
      "entry_params": {
        "entry_type": "momentum",
        "lookback_days": 20,
        "zscore_threshold": 0.5,
        "zscore_window": 60,
        "entry_days_before": 10
      },
      "exit_params": {
        "exit_type": "trailing_stop_5%"
      },
      "sharpe": 1.5032749631420996,
      "total_return": 2.0485561951740245,
      "annualized_return": 0.26171253638707737,
      "max_drawdown": -0.1822787750622294,
      "n_trades": 180,
      "win_rate": 0.46111111111111114,
      "signal_accuracy": 0.29770992366412213,
      "direction_accuracy": 0.46111111111111114,
      "skill_ratio": 0.4563758389261745,
      "hhi": 0.009960040038046396,
      "top1_pct": 0.04378083970102702,
      "top3_pct": 0.1278659534763307,
      "return_ex_top1": 1.5517300409600128,
      "return_ex_top3": 0.8111566905208101,
      "profit_factor": 1.4520459596398614,
      "expectancy": 0.007691576445696423,
      "tail_ratio": 1.7101362811286913,
      "max_single_contribution": 0.1947016911033017,
      "buy_hold_total_return": 7.012989470640454,
      "buy_hold_annualized_return": 0.20671249431030136
    },
    {
      "name": "momentum_lb40_z1.0_e3d \u00d7 trailing_stop_5%",
      "entry": "momentum_lb40_z1.0_e3d",
      "exit": "trailing_stop_5%",
      "entry_params": {
        "entry_type": "momentum",
        "lookback_days": 40,
        "zscore_threshold": 1.0,
        "zscore_window": 60,
        "entry_days_before": 3
      },
      "exit_params": {
        "exit_type": "trailing_stop_5%"
      },
      "sharpe": 1.4928234671218041,
      "total_return": 0.23391825809588984,
      "annualized_return": 0.2689124181572622,
      "max_drawdown": -0.17273010092716312,
      "n_trades": 189,
      "win_rate": 0.43386243386243384,
      "signal_accuracy": 0.37012987012987014,
      "direction_accuracy": 0.43386243386243384,
      "skill_ratio": 0.43452380952380953,
      "hhi": 0.01020967663682925,
      "top1_pct": 0.09165621479562927,
      "top3_pct": 0.1724293313095151,
      "return_ex_top1": -0.10283487106093081,
      "return_ex_top3": -0.3389973477437419,
      "profit_factor": 1.1373254354308338,
      "expectancy": 0.0026162652070009333,
      "tail_ratio": 1.5816837411301947,
      "max_single_contribution": 0.37535244994981376,
      "buy_hold_total_return": 7.012989470640454,
      "buy_hold_annualized_return": 0.20671249431030136
    },
    {
      "name": "corr_aware_contemp_e1d \u00d7 trailing_stop_5%",
      "entry": "corr_aware_contemp_e1d",
      "exit": "trailing_stop_5%",
      "entry_params": {
        "entry_type": "correlation_aware",
        "signal_col": "visible_revenue_resid",
        "corr_col": "contemp",
        "min_signal_abs": 0.0,
        "skip_regime_shifts": false,
        "scale_by_confidence": false,
        "confidence_col": "contemp",
        "entry_days_before": 1,
        "use_prior_quarter_corr": true
      },
      "exit_params": {
        "exit_type": "trailing_stop_5%"
      },
      "sharpe": 1.4916263998921295,
      "total_return": 0.8073000015629703,
      "annualized_return": 0.30451192488558565,
      "max_drawdown": -0.3048270665549816,
      "n_trades": 234,
      "win_rate": 0.4358974358974359,
      "signal_accuracy": 0.35023041474654376,
      "direction_accuracy": 0.4358974358974359,
      "skill_ratio": 0.4377880184331797,
      "hhi": 0.008924474407298304,
      "top1_pct": 0.07515947481090984,
      "top3_pct": 0.15933447736223671,
      "return_ex_top1": 0.3140631709558632,
      "return_ex_top3": -0.10147247200746379,
      "profit_factor": 1.2296742261845202,
      "expectancy": 0.00398622540065513,
      "tail_ratio": 1.9048865499925685,
      "max_single_contribution": 0.37535244994981376,
      "buy_hold_total_return": 7.012989470640454,
      "buy_hold_annualized_return": 0.20671249431030136
    },
    {
      "name": "corr_aware_leading_ma_noshift_e5d \u00d7 trailing_stop_5%",
      "entry": "corr_aware_leading_ma_noshift_e5d",
      "exit": "trailing_stop_5%",
      "entry_params": {
        "entry_type": "correlation_aware",
        "signal_col": "visible_revenue_resid",
        "corr_col": "leading_ma",
        "min_signal_abs": 0.0,
        "skip_regime_shifts": true,
        "scale_by_confidence": false,
        "confidence_col": "leading",
        "entry_days_before": 5,
        "use_prior_quarter_corr": true
      },
      "exit_params": {
        "exit_type": "trailing_stop_5%"
      },
      "sharpe": 1.357877610685338,
      "total_return": 2.4116893606619243,
      "annualized_return": 0.2547338860597208,
      "max_drawdown": -0.27161908186576184,
      "n_trades": 212,
      "win_rate": 0.4858490566037736,
      "signal_accuracy": 0.358974358974359,
      "direction_accuracy": 0.4858490566037736,
      "skill_ratio": 0.49230769230769234,
      "hhi": 0.008822880412138323,
      "top1_pct": 0.05303624558772892,
      "top3_pct": 0.12897082560428205,
      "return_ex_top1": 1.7275167621544636,
      "return_ex_top3": 0.960609336373915,
      "profit_factor": 1.4617871223213936,
      "expectancy": 0.00704769823561139,
      "tail_ratio": 1.9407334709948967,
      "max_single_contribution": 0.25084084101724624,