{
  "ticker": "DE",
  "timestamp": "20260209_085400",
  "total_strategies": 8784,
  "top_strategies_saved": 10,
  "strategies": [
    {
      "name": "momentum_lb20_z0.5_e25d \u00d7 trailing_stop_5%",
      "entry": "momentum_lb20_z0.5_e25d",
      "exit": "trailing_stop_5%",
      "entry_params": {
        "entry_type": "momentum",
        "lookback_days": 20,
        "zscore_threshold": 0.5,
        "zscore_window": 60,
        "entry_days_before": 25
      },
      "exit_params": {
        "exit_type": "trailing_stop_5%"
      },
      "sharpe": 2.0539139052671436,
      "total_return": 0.806405054805146,
      "annualized_return": 0.3391052597721227,
      "max_drawdown": -0.16456476163443096,
      "n_trades": 183,
      "win_rate": 0.47540983606557374,
      "signal_accuracy": 0.47368421052631576,
      "direction_accuracy": 0.5,
      "skill_ratio": 0.5,
      "hhi": 0.011102454200849156,
      "top1_pct": 0.10078464035901824,
      "top3_pct": 0.18635600516104053,
      "return_ex_top1": 0.31341246737958794,
      "return_ex_top3": -0.02280154147784763,
      "profit_factor": 1.2813729476972793,
      "expectancy": 0.004468899665654599,
      "tail_ratio": 1.810311898767732,
      "max_single_contribution": 0.37535244994981376,
      "buy_hold_total_return": 7.012989470640454,
      "buy_hold_annualized_return": 0.20671249431030136
    },
    {
      "name": "momentum_lb40_z0.5_e10d \u00d7 trailing_stop_5%",
      "entry": "momentum_lb40_z0.5_e10d",
      "exit": "trailing_stop_5%",
      "entry_params": {
        "entry_type": "momentum",
        "lookback_days": 40,
        "zscore_threshold": 0.5,
        "zscore_window": 60,
        "entry_days_before": 10
      },
      "exit_params": {
        "exit_type": "trailing_stop_5%"
      },
      "sharpe": 1.8894670364795074,
      "total_return": 1.226810571963132,
      "annualized_return": 0.3325594899775659,
      "max_drawdown": -0.18112094416383243,
      "n_trades": 176,
      "win_rate": 0.44886363636363635,
      "signal_accuracy": 0.49324324324324326,
      "direction_accuracy": 0.44594594594594594,
      "skill_ratio": 0.44594594594594594,
      "hhi": 0.01141737200658854,
      "top1_pct": 0.08892737260335024,
      "top3_pct": 0.17990434067010752,
      "return_ex_top1": 0.6190835825714249,
      "return_ex_top3": 0.13950881335332288,
      "profit_factor": 1.3467181232911585,
      "expectancy": 0.006174346023149497,
      "tail_ratio": 1.9944744124106948,
      "max_single_contribution": 0.37535244994981376,
      "buy_hold_total_return": 7.012989470640454,
      "buy_hold_annualized_return": 0.20671249431030136
    },
    {
      "name": "momentum_lb20_z0.5_e20d \u00d7 trailing_stop_5%",
      "entry": "momentum_lb20_z0.5_e20d",
      "exit": "trailing_stop_5%",
      "entry_params": {
        "entry_type": "momentum",
        "lookback_days": 20,
        "zscore_threshold": 0.5,
        "zscore_window": 60,
        "entry_days_before": 20
      },
      "exit_params": {
        "exit_type": "trailing_stop_5%"
      },
      "sharpe": 1.77031920516678,
      "total_return": 1.0496438385231088,
      "annualized_return": 0.318101906362354,
      "max_drawdown": -0.17273010092716337,
      "n_trades": 200,
      "win_rate": 0.47,
      "signal_accuracy": 0.4785276073619632,
      "direction_accuracy": 0.4723926380368098,
      "skill_ratio": 0.4723926380368098,
      "hhi": 0.009692023173964028,
      "top1_pct": 0.04653028004137702,
      "top3_pct": 0.13526942495648142,
      "return_ex_top1": 0.7006019276430753,
      "return_ex_top3": 0.1894535890896658,
      "profit_factor": 1.293809972532054,
      "expectancy": 0.005008472422888245,
      "tail_ratio": 1.6214382189518601,
      "max_single_contribution": 0.20524609857627496,
      "buy_hold_total_return": 7.012989470640454,
      "buy_hold_annualized_return": 0.20671249431030136
    },
    {
      "name": "momentum_lb40_z0.5_e30d \u00d7 trailing_stop_5%",
      "entry": "momentum_lb40_z0.5_e30d",
      "exit": "trailing_stop_5%",
      "entry_params": {
        "entry_type": "momentum",
        "lookback_days": 40,
        "zscore_threshold": 0.5,
        "zscore_window": 60,
        "entry_days_before": 30
      },
      "exit_params": {
        "exit_type": "trailing_stop_5%"
      },
      "sharpe": 1.7701237164064276,
      "total_return": 0.19275268988094618,
      "annualized_return": 0.3440882582858329,
      "max_drawdown": -0.21914616226141062,
      "n_trades": 228,
      "win_rate": 0.4166666666666667,
      "signal_accuracy": 0.5435897435897435,
      "direction_accuracy": 0.4153846153846154,
      "skill_ratio": 0.4153846153846154,
      "hhi": 0.009488440092747711,
      "top1_pct": 0.07185188044582468,
      "top3_pct": 0.19161181878008723,
      "return_ex_top1": -0.11658255051713706,
      "return_ex_top3": -0.4701966212591445,
      "profit_factor": 1.1263547842023622,
      "expectancy": 0.0023977666884220407,
      "tail_ratio": 2.0397386023386135,
      "max_single_contribution": 0.35015749414861763,
      "buy_hold_total_return": 7.012989470640454,
      "buy_hold_annualized_return": 0.20671249431030136
    },
    {
      "name": "corr_aware_contemp_e30d \u00d7 trailing_stop_5%",
      "entry": "corr_aware_contemp_e30d",
      "exit": "trailing_stop_5%",
      "entry_params": {
        "entry_type": "correlation_aware",
        "signal_col": "visible_revenue_resid",
        "corr_col": "contemp",
        "min_signal_abs": 0.0,
        "skip_regime_shifts": false,
        "scale_by_confidence": false,
        "confidence_col": "contemp",
        "entry_days_before": 30,
        "use_prior_quarter_corr": true
      },
      "exit_params": {
        "exit_type": "trailing_stop_5%"
      },
      "sharpe": 1.7025798757065533,
      "total_return": 1.2403761907782616,
      "annualized_return": 0.33954599731202406,
      "max_drawdown": -0.24138663710527344,
      "n_trades": 243,
      "win_rate": 0.4691358024691358,
      "signal_accuracy": 0.5118483412322274,
      "direction_accuracy": 0.47393364928909953,
      "skill_ratio": 0.47393364928909953,
      "hhi": 0.008808839490435415,
      "top1_pct": 0.07339492982150175,
      "top3_pct": 0.1631250986288244,
      "return_ex_top1": 0.6289469589122487,
      "return_ex_top3": 0.07817499768729186,
      "profit_factor": 1.288451001996042,
      "expectancy": 0.004711628781510106,
      "tail_ratio": 1.8606571204458549,
      "max_single_contribution": 0.37535244994981376,
      "buy_hold_total_return": 7.012989470640454,
      "buy_hold_annualized_return": 0.20671249431030136
    },
    {
      "name": "corr_aware_leading_ma_noshift_e30d \u00d7 trailing_stop_5%",
      "entry": "corr_aware_leading_ma_noshift_e30d",
      "exit": "trailing_stop_5%",
      "entry_params": {
        "entry_type": "correlation_aware",
        "signal_col": "visible_revenue_resid",
        "corr_col": "leading_ma",
        "min_signal_abs": 0.0,
        "skip_regime_shifts": true,
        "scale_by_confidence": false,
        "confidence_col": "contemp",
        "entry_days_before": 30,
        "use_prior_quarter_corr": true
      },
      "exit_params": {
        "exit_type": "trailing_stop_5%"
      },
      "sharpe": 1.510150480804233,
      "total_return": 6.462526319611956,
      "annualized_return": 0.2834246103423901,
      "max_drawdown": -0.2933255046438852,
      "n_trades": 197,
      "win_rate": 0.5177664974619289,
      "signal_accuracy": 0.5371428571428571,
      "direction_accuracy": 0.5028571428571429,
      "skill_ratio": 0.5028571428571429,
      "hhi": 0.010233454756889585,
      "top1_pct": 0.06504997927495898,
      "top3_pct": 0.14381137117973244,
      "return_ex_top1": 4.6175524659923575,
      "return_ex_top3": 2.9087504592044975,
      "profit_factor": 1.8370315963328445,
      "expectancy": 0.011677635516553844,
      "tail_ratio": 2.150415923943811,
      "max_single_contribution": 0.32843019531882245,