{
  "name": "momentum_lb20_z0.5_e10d \u00d7 sl-5%_tp10%",
  "entry": "momentum_lb20_z0.5_e10d",
  "exit": "sl-5%_tp10%",
  "entry_params": {
    "entry_type": "momentum",
    "lookback_days": 20,
    "zscore_threshold": 0.5,
    "zscore_window": 60,
    "entry_days_before": 10
  },
  "exit_params": {
    "exit_type": "sl-5%_tp10%"
  },
  "sharpe": 0.2810278108891188,
  "total_return": 3.774504720710211,
  "annualized_return": 0.05491462220783627,
  "max_drawdown": -0.35895175204591756,
  "n_trades": 110,
  "win_rate": 0.509090909090909,
  "signal_accuracy": 0.3026315789473684,
  "direction_accuracy": 0.509090909090909,
  "skill_ratio": 0.5113636363636364,
  "hhi": 0.0120872250734383,
  "top1_pct": 0.04088956970807536,
  "top3_pct": 0.10811103210429296,
  "return_ex_top1": 3.048514373132421,
  "return_ex_top3": 2.0754414567086314,
  "profit_factor": 1.7255539712986339,
  "expectancy": 0.01676374753119106,
  "tail_ratio": 1.4907981218497104,
  "max_single_contribution": 0.1793226553413655,
  "buy_hold_total_return": 7.012989470640454,
  "buy_hold_annualized_return": 0.20671249431030136
}