{
  "name": "corr_aware_leading_tgtQ+1_conf0.3_sameq_e5d \u00d7 sl-10%_tp20%",
  "entry": "corr_aware_leading_tgtQ+1_conf0.3_sameq_e5d",
  "exit": "sl-10%_tp20%",
  "entry_params": {
    "entry_type": "correlation_aware",
    "signal_col": "visible_revenue_resid",
    "corr_col": "leading",
    "min_signal_abs": 0.0,
    "min_confidence": 0.3,
    "skip_regime_shifts": false,
    "scale_by_confidence": false,
    "confidence_col": "leading",
    "entry_days_before": 5,
    "use_prior_quarter_corr": false,
    "target_next_quarter": true,
    "date_col": "earnings_date"
  },
  "exit_params": {
    "exit_type": "sl-10%_tp20%"
  },
  "sharpe": 0.566546338751132,
  "total_return": 1.842165737381793,
  "annualized_return": 0.08110947129949198,
  "max_drawdown": -0.25055040905313997,
  "n_trades": 21,
  "win_rate": 0.7142857142857143,
  "signal_accuracy": 0.3,
  "direction_accuracy": 0.7142857142857143,
  "skill_ratio": 0.75,
  "hhi": 0.07410717140205784,
  "top1_pct": 0.13912856359972867,
  "top3_pct": 0.39356018755513916,
  "return_ex_top1": 1.3352978377012157,
  "return_ex_top3": 0.6259016773866752,
  "profit_factor": 4.033737605693045,
  "expectancy": 0.05587110819980007,
  "tail_ratio": 1.9860457088292316,
  "max_single_contribution": 0.21704636192337667
}