{
  "ticker": "ZBH",
  "timestamp": "20260209_091912",
  "total_strategies": 8712,
  "top_strategies_saved": 10,
  "strategies": [
    {
      "name": "momentum_lb20_z0.5_e3d \u00d7 trailing_stop_5%",
      "entry": "momentum_lb20_z0.5_e3d",
      "exit": "trailing_stop_5%",
      "entry_params": {
        "entry_type": "momentum",
        "lookback_days": 20,
        "zscore_threshold": 0.5,
        "zscore_window": 60,
        "entry_days_before": 3
      },
      "exit_params": {
        "exit_type": "trailing_stop_5%"
      },
      "sharpe": 1.4561951962149624,
      "total_return": 0.8922825293170216,
      "annualized_return": 0.2508640100503645,
      "max_drawdown": -0.22141920793299308,
      "n_trades": 155,
      "win_rate": 0.49032258064516127,
      "signal_accuracy": 0.2949640287769784,
      "direction_accuracy": 0.5035971223021583,
      "skill_ratio": 0.5035971223021583,
      "hhi": 0.011600466852594278,
      "top1_pct": 0.05956677094219114,
      "top3_pct": 0.15891017183280373,
      "return_ex_top1": 0.5796883122284207,
      "return_ex_top3": 0.16447722310820678,
      "profit_factor": 1.331309692628536,
      "expectancy": 0.005333702963481804,
      "tail_ratio": 1.7194665826868454,
      "max_single_contribution": 0.19788347781571725,
      "buy_hold_total_return": -0.10697309412453404,
      "buy_hold_annualized_return": -0.010163307077671768
    },
    {
      "name": "corr_aware_contemp_sameq_e3d \u00d7 trailing_stop_5%",
      "entry": "corr_aware_contemp_sameq_e3d",
      "exit": "trailing_stop_5%",
      "entry_params": {
        "entry_type": "correlation_aware",
        "signal_col": "total_universe_resid",
        "corr_col": "contemp",
        "min_signal_abs": 0.0,
        "skip_regime_shifts": false,
        "scale_by_confidence": false,
        "confidence_col": "contemp",
        "entry_days_before": 3,
        "use_prior_quarter_corr": false
      },
      "exit_params": {
        "exit_type": "trailing_stop_5%"
      },
      "sharpe": 1.4167809074923963,
      "total_return": 0.21322271853166708,
      "annualized_return": 0.2560003771557786,
      "max_drawdown": -0.23675039545574572,
      "n_trades": 166,
      "win_rate": 0.4397590361445783,
      "signal_accuracy": 0.3188405797101449,
      "direction_accuracy": 0.45652173913043476,
      "skill_ratio": 0.45652173913043476,
      "hhi": 0.009030551098030781,
      "top1_pct": 0.03817066969361704,
      "top3_pct": 0.10445071474876148,
      "return_ex_top1": 0.06786579458346043,
      "return_ex_top3": -0.14592965506760436,
      "profit_factor": 1.1247087762737078,
      "expectancy": 0.002381980019614229,
      "tail_ratio": 1.3346544045993607,
      "max_single_contribution": 0.1361190935092229,
      "buy_hold_total_return": -0.10697309412453404,
      "buy_hold_annualized_return": -0.010163307077671768
    },
    {
      "name": "corr_aware_contemp_sameq_e5d \u00d7 trailing_stop_5%",
      "entry": "corr_aware_contemp_sameq_e5d",
      "exit": "trailing_stop_5%",
      "entry_params": {
        "entry_type": "correlation_aware",
        "signal_col": "total_universe_resid",
        "corr_col": "contemp",
        "min_signal_abs": 0.0,
        "skip_regime_shifts": false,
        "scale_by_confidence": false,
        "confidence_col": "contemp",
        "entry_days_before": 5,
        "use_prior_quarter_corr": false
      },
      "exit_params": {
        "exit_type": "trailing_stop_5%"
      },
      "sharpe": 1.3749160400251106,
      "total_return": 0.30306343392935853,
      "annualized_return": 0.2485723783128,
      "max_drawdown": -0.23675039545574594,
      "n_trades": 168,
      "win_rate": 0.44642857142857145,
      "signal_accuracy": 0.31654676258992803,
      "direction_accuracy": 0.460431654676259,
      "skill_ratio": 0.460431654676259,
      "hhi": 0.008932972147587863,
      "top1_pct": 0.03390760007111075,
      "top3_pct": 0.0998276953114998,
      "return_ex_top1": 0.16164117412991375,
      "return_ex_top3": -0.07119778415854772,
      "profit_factor": 1.1482291545070296,
      "expectancy": 0.002758954277590722,
      "tail_ratio": 1.3344964605572165,
      "max_single_contribution": 0.12174349786230021,
      "buy_hold_total_return": -0.10697309412453404,
      "buy_hold_annualized_return": -0.010163307077671768
    },
    {
      "name": "corr_aware_contemp_sameq_e1d \u00d7 trailing_stop_5%",
      "entry": "corr_aware_contemp_sameq_e1d",
      "exit": "trailing_stop_5%",
      "entry_params": {
        "entry_type": "correlation_aware",
        "signal_col": "total_universe_resid",
        "corr_col": "contemp",
        "min_signal_abs": 0.0,
        "skip_regime_shifts": false,
        "scale_by_confidence": false,
        "confidence_col": "contemp",
        "entry_days_before": 1,
        "use_prior_quarter_corr": false
      },
      "exit_params": {
        "exit_type": "trailing_stop_5%"
      },
      "sharpe": 1.3675764540327215,
      "total_return": 0.15077820050691204,
      "annualized_return": 0.24732683574919134,
      "max_drawdown": -0.2367503954557459,
      "n_trades": 165,
      "win_rate": 0.43636363636363634,
      "signal_accuracy": 0.31386861313868614,
      "direction_accuracy": 0.44525547445255476,
      "skill_ratio": 0.44525547445255476,
      "hhi": 0.009164928190463668,
      "top1_pct": 0.03757439020301208,
      "top3_pct": 0.10863363114785309,
      "return_ex_top1": 0.016431096309238225,
      "return_ex_top3": -0.19683888022278018,
      "profit_factor": 1.1079594753689985,
      "expectancy": 0.0020773581143214044,
      "tail_ratio": 1.3450445858150741,
      "max_single_contribution": 0.1321753188046899,
      "buy_hold_total_return": -0.10697309412453404,
      "buy_hold_annualized_return": -0.010163307077671768
    },
    {
      "name": "momentum_lb20_z1.0_e0d \u00d7 trailing_stop_5%",
      "entry": "momentum_lb20_z1.0_e0d",
      "exit": "trailing_stop_5%",
      "entry_params": {
        "entry_type": "momentum",
        "lookback_days": 20,
        "zscore_threshold": 1.0,
        "zscore_window": 60,
        "entry_days_before": 0
      },
      "exit_params": {
        "exit_type": "trailing_stop_5%"
      },
      "sharpe": 1.3571974564612692,
      "total_return": -0.35199553497920355,
      "annualized_return": 0.22261297674639957,
      "max_drawdown": -0.23675039545574583,
      "n_trades": 132,
      "win_rate": 0.4166666666666667,
      "signal_accuracy": 0.16216216216216217,
      "direction_accuracy": 0.4144144144144144,
      "skill_ratio": 0.4144144144144144,
      "hhi": 0.011931510286470296,
      "top1_pct": 0.06576561387933078,
      "top3_pct": 0.15131680607670828,
      "return_ex_top1": -0.4426963351038288,
      "return_ex_top3": -0.544283662822313,
      "profit_factor": 0.9008258966964605,
      "expectancy": -0.002063972133598189,
      "tail_ratio": 1.2286692048055017,
      "max_single_contribution": 0.16274933368960243,
      "buy_hold_total_return": -0.10697309412453404,
      "buy_hold_annualized_return": -0.010163307077671768
    },
    {
      "name": "momentum_lb20_z1.0_e1d \u00d7 fixed_holding_60d",
      "entry": "momentum_lb20_z1.0_e1d",
      "exit": "fixed_holding_60d",
      "entry_params": {
        "entry_type": "momentum",
        "lookback_days": 20,
        "zscore_threshold": 1.0,
        "zscore_window": 60,
        "entry_days_before": 1
      },
      "exit_params": {
        "exit_type": "fixed_holding_60d"
      },
      "sharpe": 0.4362882275145376,
      "total_return": 1.450041578799861,
      "annualized_return": 0.08567912939753097,
      "max_drawdown": -0.548894137933801,
      "n_trades": 31,
      "win_rate": 0.6129032258064516,
      "signal_accuracy": 0.27586206896551724,
      "direction_accuracy": 0.6206896551724138,
      "skill_ratio": 0.6206896551724138,
      "hhi": 0.06452478485298928,
      "top1_pct": 0.16687631793365199,
      "top3_pct": 0.3963162242858635,
      "return_ex_top1": 0.9629041391973827,