{
  "entry": "momentum_lb20_z0.5_e30d",
  "exit": "signal_change",
  "entry_params": {
    "entry_type": "momentum",
    "lookback_days": 20,
    "zscore_threshold": 0.5,
    "zscore_window": 60,
    "entry_days_before": 30
  },
  "exit_params": {
    "exit_type": "signal_change"
  },
  "sharpe": 0.6824673068506818,
  "total_return": 14.626568233457702,
  "annualized_return": 0.24584691859923002,
  "max_drawdown": -0.6695098433723271,
  "n_trades": 19,
  "avg_return": 0.1772856073002201,
  "avg_alpha": 0.1772856073002201,
  "win_rate": 0.7368421052631579,
  "outcome_counts": {
    "direction_wrong_loss": 4,
    "direction_right_profit": 13,
    "no_signal": 2
  },
  "signal_accuracy": 0.46153846153846156,
  "direction_accuracy": 0.7368421052631579,
  "flip_accuracy": 0.0,
  "flip_count": 0,
  "skill_ratio": 0.7647058823529411,
  "headwind_ratio": 0.0,
  "luck_ratio": 0.0,
  "hhi": 0.08560097106225839,
  "top1_pct": 0.16100907155107902,
  "top3_pct": 0.43943465195957576,
  "top5_pct": 0.6565408831575549,
  "return_ex_top1": 8.656260444472304,
  "return_ex_top3": 3.1056035082809084,
  "profit_factor": 8.142124265274074,
  "expectancy": 0.17728560730022008,
  "max_single_contribution": 0.6182836330189376,
  "tail_ratio": 4.025473739036733,
  "buy_hold_total_return": -0.19760477478699856,
  "buy_hold_annualized_return": -0.02673851753243195,
  "name": "momentum_lb20_z0.5_e30d \u00d7 signal_change"
}