{
  "ticker": "CAT",
  "timestamp": "20260209_102522",
  "total_strategies": 8160,
  "top_strategies_saved": 9,
  "strategies": [
    {
      "name": "momentum_lb10_z0.5_e10d \u00d7 trailing_stop_5%",
      "entry": "momentum_lb10_z0.5_e10d",
      "exit": "trailing_stop_5%",
      "entry_params": {
        "entry_type": "momentum",
        "lookback_days": 10,
        "zscore_threshold": 0.5,
        "zscore_window": 60,
        "entry_days_before": 10
      },
      "exit_params": {
        "exit_type": "trailing_stop_5%"
      },
      "sharpe": 1.8223288688310393,
      "total_return": 3.5869318752676627,
      "annualized_return": 0.32245547506561545,
      "max_drawdown": -0.28325350073017175,
      "n_trades": 162,
      "win_rate": 0.47530864197530864,
      "signal_accuracy": 0.4430379746835443,
      "direction_accuracy": 0.47530864197530864,
      "skill_ratio": 0.5118110236220472,
      "hhi": 0.010475304438078446,
      "top1_pct": 0.04501343793590635,
      "top3_pct": 0.12633499585713018,
      "return_ex_top1": 2.8078459488138683,
      "return_ex_top3": 1.7129300670823868,
      "profit_factor": 1.6481958680420232,
      "expectancy": 0.011034336603280868,
      "tail_ratio": 2.29341470117503,
      "max_single_contribution": 0.20460016947284188,
      "buy_hold_total_return": 9.54066219213509,
      "buy_hold_annualized_return": 0.2369580344371831
    },
    {
      "name": "momentum_lb40_z0.5_e3d \u00d7 trailing_stop_5%",
      "entry": "momentum_lb40_z0.5_e3d",
      "exit": "trailing_stop_5%",
      "entry_params": {
        "entry_type": "momentum",
        "lookback_days": 40,
        "zscore_threshold": 0.5,
        "zscore_window": 60,
        "entry_days_before": 3
      },
      "exit_params": {
        "exit_type": "trailing_stop_5%"
      },
      "sharpe": 1.7162693359612373,
      "total_return": 1.465447769621643,
      "annualized_return": 0.3058243834353205,
      "max_drawdown": -0.20361562515496243,
      "n_trades": 184,
      "win_rate": 0.43478260869565216,
      "signal_accuracy": 0.39361702127659576,
      "direction_accuracy": 0.43478260869565216,
      "skill_ratio": 0.42948717948717946,
      "hhi": 0.010173692866761445,
      "top1_pct": 0.05380485625926652,
      "top3_pct": 0.13408150442806277,
      "return_ex_top1": 0.99450617477849,
      "return_ex_top3": 0.4420018005304498,
      "profit_factor": 1.3678984904597502,
      "expectancy": 0.00641455453994301,
      "tail_ratio": 2.2025322308657795,
      "max_single_contribution": 0.23611939677020777,
      "buy_hold_total_return": 9.54066219213509,
      "buy_hold_annualized_return": 0.2369580344371831
    },
    {
      "name": "corr_aware_contemp_ma_sameq_e1d \u00d7 trailing_stop_5%",
      "entry": "corr_aware_contemp_ma_sameq_e1d",
      "exit": "trailing_stop_5%",
      "entry_params": {
        "entry_type": "correlation_aware",
        "signal_col": "visible_revenue_resid",
        "corr_col": "contemp_ma",
        "min_signal_abs": 0.0,
        "skip_regime_shifts": false,
        "scale_by_confidence": false,
        "confidence_col": "contemp",
        "entry_days_before": 1,
        "use_prior_quarter_corr": false
      },
      "exit_params": {
        "exit_type": "trailing_stop_5%"
      },
      "sharpe": 1.6431884913690376,
      "total_return": 0.11848598752560036,
      "annualized_return": 0.2673255821465317,
      "max_drawdown": -0.24454540164216232,
      "n_trades": 164,
      "win_rate": 0.4024390243902439,
      "signal_accuracy": 0.5040650406504065,
      "direction_accuracy": 0.4024390243902439,
      "skill_ratio": 0.42276422764227645,
      "hhi": 0.011627696980438185,
      "top1_pct": 0.06384556688220996,
      "top3_pct": 0.1663528340054657,
      "return_ex_top1": -0.0907228771805002,
      "return_ex_top3": -0.3520242533073402,
      "profit_factor": 1.1146496591134043,
      "expectancy": 0.002260182994756915,
      "tail_ratio": 1.9251034393625492,
      "max_single_contribution": 0.23008262217945474,
      "buy_hold_total_return": 9.54066219213509,
      "buy_hold_annualized_return": 0.2369580344371831
    },
    {
      "name": "corr_aware_contemp_ma_sameq_e25d \u00d7 trailing_stop_5%",
      "entry": "corr_aware_contemp_ma_sameq_e25d",
      "exit": "trailing_stop_5%",
      "entry_params": {
        "entry_type": "correlation_aware",
        "signal_col": "visible_revenue_resid",
        "corr_col": "contemp_ma",
        "min_signal_abs": 0.0,
        "skip_regime_shifts": false,
        "scale_by_confidence": false,
        "confidence_col": "contemp",
        "entry_days_before": 25,
        "use_prior_quarter_corr": false
      },
      "exit_params": {
        "exit_type": "trailing_stop_5%"
      },
      "sharpe": 1.6396536734554077,
      "total_return": 0.5658444969436305,
      "annualized_return": 0.2717841179543974,
      "max_drawdown": -0.1556977124617563,
      "n_trades": 164,
      "win_rate": 0.42073170731707316,
      "signal_accuracy": 0.48,
      "direction_accuracy": 0.42073170731707316,
      "skill_ratio": 0.44,
      "hhi": 0.011239488084242733,
      "top1_pct": 0.05714840288868645,
      "top3_pct": 0.15790372062817087,
      "return_ex_top1": 0.27295879862872385,
      "return_ex_top3": -0.1201438405235069,
      "profit_factor": 1.2225911385985244,
      "expectancy": 0.004469536618077304,
      "tail_ratio": 2.1386439692518247,
      "max_single_contribution": 0.23008262217945474,
      "buy_hold_total_return": 9.54066219213509,
      "buy_hold_annualized_return": 0.2369580344371831
    },
    {
      "name": "corr_aware_contemp_ma_sameq_e20d \u00d7 trailing_stop_5%",
      "entry": "corr_aware_contemp_ma_sameq_e20d",
      "exit": "trailing_stop_5%",
      "entry_params": {
        "entry_type": "correlation_aware",
        "signal_col": "visible_revenue_resid",
        "corr_col": "contemp_ma",
        "min_signal_abs": 0.0,
        "skip_regime_shifts": false,
        "scale_by_confidence": false,
        "confidence_col": "contemp",
        "entry_days_before": 20,
        "use_prior_quarter_corr": false
      },
      "exit_params": {
        "exit_type": "trailing_stop_5%"
      },
      "sharpe": 1.6295991439585213,
      "total_return": 0.897132698520952,
      "annualized_return": 0.2697456312486173,
      "max_drawdown": -0.17769838068181262,
      "n_trades": 164,
      "win_rate": 0.4451219512195122,
      "signal_accuracy": 0.488,
      "direction_accuracy": 0.4451219512195122,
      "skill_ratio": 0.464,
      "hhi": 0.011704407580513571,
      "top1_pct": 0.057540155373827326,
      "top3_pct": 0.15898615113965106,
      "return_ex_top1": 0.5422807088841093,
      "return_ex_top3": 0.06600872142542835,
      "profit_factor": 1.2978530886418678,
      "expectancy": 0.005595585201020832,
      "tail_ratio": 2.0416740854579483,
      "max_single_contribution": 0.23008262217945474,
      "buy_hold_total_return": 9.54066219213509,
      "buy_hold_annualized_return": 0.2369580344371831
    },
    {
      "name": "momentum_lb10_z0.5_e10d \u00d7 sl-5%_tp10%",
      "entry": "momentum_lb10_z0.5_e10d",
      "exit": "sl-5%_tp10%",
      "entry_params": {
        "entry_type": "momentum",
        "lookback_days": 10,
        "zscore_threshold": 0.5,
        "zscore_window": 60,
        "entry_days_before": 10
      },
      "exit_params": {
        "exit_type": "sl-5%_tp10%"
      },
      "sharpe": 0.7621840960666317,
      "total_return": 3.02724730198229,
      "annualized_return": 0.1431152187090463,
      "max_drawdown": -0.38655458960403905,
      "n_trades": 105,
      "win_rate": 0.4666666666666667,
      "signal_accuracy": 0.4444444444444444,
      "direction_accuracy": 0.47115384615384615,
      "skill_ratio": 0.5060240963855421,
      "hhi": 0.011637056907933478,
      "top1_pct": 0.036911709781110254,
      "top3_pct": 0.09763314526986705,
      "return_ex_top1": 2.4647550139677716,
      "return_ex_top3": 1.696518596930106,