{
  "entry": "corr_aware_leading_univResid_tgtQ+1_sameq_e30d",
  "exit": "trailing_stop_5%",
  "entry_params": {
    "entry_type": "correlation_aware",
    "signal_col": "total_universe_resid",
    "corr_col": "leading",
    "min_signal_abs": 0.0,
    "min_confidence": 0.0,
    "skip_regime_shifts": false,
    "scale_by_confidence": false,
    "confidence_col": "leading",
    "entry_days_before": 30,
    "use_prior_quarter_corr": false,
    "target_next_quarter": true,
    "date_col": "earnings_date"
  },
  "exit_params": {
    "exit_type": "trailing_stop_5%"
  },
  "sharpe": 1.1627163452136702,
  "total_return": 1.3428576610126295,
  "annualized_return": 0.10189264493125583,
  "max_drawdown": -0.09551115781449317,
  "n_trades": 35,
  "avg_return": 0.026158525086129914,
  "avg_alpha": 0.026158525086129914,
  "win_rate": 0.6285714285714286,
  "outcome_counts": {
    "direction_wrong_loss": 9,
    "direction_right_profit": 14,
    "no_signal": 12
  },
  "signal_accuracy": 0.09523809523809523,
  "direction_accuracy": 0.6285714285714286,
  "flip_accuracy": 0.0,
  "flip_count": 0,
  "skill_ratio": 0.6086956521739131,
  "headwind_ratio": 0.0,
  "luck_ratio": 0.0,
  "hhi": 0.07021655679373862,
  "top1_pct": 0.24638826666251468,
  "top3_pct": 0.39982190294048886,
  "top5_pct": 0.5387930633364354,
  "return_ex_top1": 0.8173945185340419,
  "return_ex_top3": 0.5295991741342543,
  "profit_factor": 4.549677141903956,
  "expectancy": 0.02615852508612991,
  "max_single_contribution": 0.28912992590207587,
  "tail_ratio": 4.286327717863961,
  "buy_hold_total_return": 0.9868194225779894,
  "buy_hold_annualized_return": 0.2674356316130293,
  "name": "corr_aware_leading_univResid_tgtQ+1_sameq_e30d \u00d7 trailing_stop_5%"
}