{
  "entry": "corr_aware_leading_tgtQ+1_sameq_e30d",
  "exit": "trailing_stop_5%",
  "entry_params": {
    "entry_type": "correlation_aware",
    "signal_col": "total_universe_resid",
    "corr_col": "leading",
    "min_signal_abs": 0.0,
    "min_confidence": 0.0,
    "skip_regime_shifts": false,
    "scale_by_confidence": false,
    "confidence_col": "leading",
    "entry_days_before": 30,
    "use_prior_quarter_corr": false,
    "target_next_quarter": true,
    "date_col": "earnings_date"
  },
  "exit_params": {
    "exit_type": "trailing_stop_5%"
  },
  "sharpe": 1.1627163452136702,
  "total_return": 1.6142448654108503,
  "annualized_return": 0.10189264493125583,
  "max_drawdown": -0.09551115781449317,
  "n_trades": 35,
  "avg_return": 0.029628649848013847,
  "avg_alpha": 0.029628649848013847,
  "win_rate": 0.6857142857142857,
  "outcome_counts": {
    "direction_wrong_loss": 10,
    "direction_right_profit": 16,
    "no_signal": 9
  },
  "signal_accuracy": 0.5384615384615384,
  "direction_accuracy": 0.6857142857142857,
  "flip_accuracy": 0.8666666666666667,
  "flip_count": 15,
  "skill_ratio": 0.6153846153846154,
  "headwind_ratio": 0.0,
  "luck_ratio": 0.0,
  "hhi": 0.06515014656574597,
  "top1_pct": 0.21862625520873288,
  "top3_pct": 0.3876715789096602,
  "top5_pct": 0.5229418742675522,
  "return_ex_top1": 1.027914186835372,
  "return_ex_top3": 0.6406724734270923,
  "profit_factor": 4.632460552022322,
  "expectancy": 0.029628649848013847,
  "max_single_contribution": 0.28912992590207587,
  "tail_ratio": 3.0721582194722514,
  "buy_hold_total_return": 0.9868194225779894,
  "buy_hold_annualized_return": 0.2674356316130293,
  "name": "corr_aware_leading_tgtQ+1_sameq_e30d \u00d7 trailing_stop_5%"
}